,G,GS,MP,FG,FGA,FG%,3P,3PA,3P%,2P,2PA,2P%,eFG%,FT,FTA,FT%,ORB,DRB,TRB,AST,STL,BLK,TOV,PF,PTS,Pos_C,Pos_F,Pos_G,Pos
0,18,18,32.3,7.4,14.4,0.515,0.4,1.9,0.229,7.0,12.5,0.56,0.531,2.2,3.7,0.597,2.6,7.0,9.6,2.3,0.7,1.4,1.9,2.8,17.6,1.0,0.0,0.0,C
1,18,17,26.7,6.2,12.4,0.502,1.9,3.9,0.486,4.3,8.5,0.51,0.578,2.8,3.6,0.785,1.1,4.2,5.2,1.7,1.4,1.1,1.8,3.6,17.2,0.0,1.0,0.0,F
2,18,18,35.9,5.5,13.3,0.414,2.8,7.7,0.362,2.7,5.6,0.485,0.519,2.8,3.1,0.911,0.4,2.7,3.1,4.2,1.1,0.1,2.3,2.2,16.6,0.0,0.0,1.0,G
3,13,13,34.2,5.7,13.7,0.416,1.5,4.9,0.297,4.2,8.8,0.482,0.469,3.5,4.7,0.738,0.8,4.3,5.1,3.6,1.4,0.1,2.6,2.1,16.3,0.0,0.0,1.0,G
4,18,18,33.6,4.9,13.8,0.355,2.2,7.2,0.31,2.7,6.6,0.403,0.435,4.1,4.7,0.881,0.2,3.2,3.4,3.8,1.0,0.1,2.6,1.9,16.1,0.0,0.0,1.0,G
5,18,18,34.8,5.4,11.4,0.478,1.0,2.4,0.419,4.4,9.0,0.494,0.522,4.1,5.0,0.811,2.2,3.6,5.7,2.7,0.7,0.2,1.6,1.6,15.9,0.0,1.0,0.0,F
6,18,18,34.7,5.6,13.9,0.404,1.3,4.3,0.299,4.3,9.6,0.451,0.45,3.2,3.9,0.803,0.9,2.9,3.8,6.5,2.2,0.5,1.9,2.2,15.7,0.0,0.0,1.0,G
7,18,18,37.1,4.1,11.1,0.372,2.8,8.0,0.347,1.3,3.1,0.436,0.497,4.4,4.9,0.888,0.5,2.4,2.9,3.9,1.2,0.0,3.1,2.4,15.4,0.0,0.0,1.0,G
8,18,18,33.6,4.6,11.9,0.388,2.1,5.6,0.376,2.5,6.3,0.398,0.477,3.8,4.5,0.84,0.6,2.8,3.4,3.8,2.6,0.1,2.8,3.4,15.1,0.0,0.0,1.0,G
9,12,11,25.8,6.0,9.3,0.643,0.0,0.0,0.28782012195121953,6.0,9.3,0.643,0.643,3.1,7.2,0.43,3.1,4.7,7.8,1.3,0.8,1.7,1.6,2.8,15.1,1.0,0.0,0.0,C
10,18,18,32.9,5.1,12.7,0.397,3.0,7.8,0.383,2.1,4.9,0.42,0.515,1.7,1.9,0.882,0.7,1.5,2.2,1.8,1.3,0.2,0.9,2.0,14.8,0.0,0.0,1.0,G
11,18,18,34.2,4.8,11.1,0.437,1.6,4.9,0.318,3.3,6.2,0.532,0.508,3.6,4.2,0.853,0.4,4.1,4.6,3.7,1.1,0.3,3.5,1.9,14.8,0.0,0.0,1.0,G
12,18,18,34.5,4.6,10.8,0.421,1.8,5.0,0.356,2.8,5.8,0.476,0.503,3.6,4.9,0.739,0.8,5.3,6.1,2.2,1.0,0.7,2.8,2.3,14.5,0.0,1.0,0.0,F
13,18,18,28.1,4.6,11.9,0.383,1.7,5.1,0.341,2.8,6.8,0.415,0.456,3.6,4.2,0.842,0.5,3.2,3.7,0.6,0.7,0.7,2.1,2.7,14.4,0.0,1.0,0.0,F
14,18,17,31.8,4.7,11.6,0.402,1.7,5.1,0.341,2.9,6.6,0.449,0.476,3.2,3.7,0.851,1.0,1.9,2.9,1.1,0.7,0.2,1.1,1.8,14.2,0.0,0.0,1.0,G
15,18,18,34.6,3.6,10.8,0.335,1.9,6.5,0.291,1.7,4.3,0.403,0.423,4.7,5.8,0.8,1.3,3.4,4.7,1.5,1.0,0.2,1.5,2.4,13.8,0.0,0.0,1.0,G
16,18,18,35.2,4.6,11.4,0.398,1.7,5.2,0.323,2.9,6.3,0.46,0.471,3.0,3.6,0.844,0.7,4.1,4.8,2.4,0.9,0.5,3.3,2.8,13.8,0.0,0.0,1.0,G
17,18,18,37.8,4.8,10.5,0.455,1.0,3.2,0.316,3.8,7.3,0.515,0.503,2.6,3.7,0.712,0.4,3.5,3.9,6.9,1.6,0.0,3.4,2.7,13.2,0.0,0.0,1.0,G
18,18,18,35.3,4.2,9.4,0.447,2.3,5.5,0.414,1.9,3.9,0.493,0.568,2.3,2.8,0.824,1.9,4.4,6.3,1.4,1.3,0.4,1.2,1.4,13.1,0.0,1.0,0.0,F
19,18,18,34.3,4.7,8.9,0.525,1.3,2.4,0.523,3.4,6.4,0.526,0.597,2.4,2.8,0.88,2.0,6.1,8.1,2.4,1.3,0.3,1.5,2.5,13.1,0.0,1.0,0.0,F
20,18,18,31.4,4.1,9.8,0.412,1.2,3.3,0.35,2.9,6.5,0.444,0.472,3.7,4.9,0.742,0.9,3.5,4.4,3.7,1.6,0.1,2.8,2.4,12.9,0.0,0.0,1.0,G
21,17,9,29.0,4.7,11.4,0.412,1.3,4.4,0.293,3.4,7.0,0.487,0.469,2.1,3.3,0.643,2.4,3.8,6.2,1.5,1.1,0.8,1.6,2.1,12.8,0.0,0.0,1.0,G
22,18,6,28.4,4.2,10.7,0.394,1.9,6.3,0.298,2.3,4.4,0.532,0.482,2.2,2.4,0.886,0.4,1.8,2.3,1.3,0.6,0.4,1.7,2.0,12.5,0.0,0.0,1.0,G
23,17,17,32.0,3.6,10.1,0.355,1.5,5.8,0.255,2.1,4.4,0.486,0.427,3.6,3.8,0.954,0.1,2.4,2.5,3.0,0.7,0.1,2.2,1.4,12.3,0.0,0.0,1.0,G
24,18,17,34.7,4.8,8.2,0.588,0.0,0.1,0.0,4.8,8.1,0.596,0.588,2.4,3.6,0.688,1.5,3.3,4.8,2.9,1.2,0.4,1.8,2.6,12.1,0.0,1.0,0.0,F
25,18,18,27.9,4.2,8.3,0.5,0.8,2.1,0.405,3.3,6.3,0.531,0.55,2.8,3.8,0.725,2.4,5.1,7.5,0.4,0.7,1.0,1.6,2.7,11.9,0.0,1.0,0.0,F
26,18,18,30.9,5.1,9.1,0.564,0.0,0.1,0.0,5.1,9.0,0.568,0.564,1.3,2.6,0.522,2.9,3.9,6.9,2.0,1.3,1.0,1.1,2.3,11.6,0.0,1.0,0.0,F
27,11,0,28.5,3.8,8.4,0.457,1.5,3.1,0.5,2.3,5.3,0.431,0.549,2.4,3.2,0.743,1.0,3.2,4.2,1.2,0.4,0.2,1.3,1.6,11.5,0.0,0.0,1.0,G
28,17,4,26.9,3.6,5.8,0.633,1.4,2.6,0.511,2.3,3.1,0.736,0.75,2.9,3.7,0.778,1.0,4.1,5.1,1.5,0.6,0.4,1.3,1.5,11.5,0.0,0.0,1.0,G
29,17,0,28.8,4.1,8.5,0.479,1.9,5.2,0.36,2.2,3.2,0.673,0.59,1.5,1.6,0.929,1.1,3.1,4.2,1.2,0.7,0.1,0.7,1.9,11.5,0.0,0.0,1.0,G
30,18,1,28.8,4.0,9.7,0.411,1.9,5.6,0.337,2.1,4.1,0.514,0.509,1.5,1.7,0.871,0.3,2.3,2.6,1.8,1.2,0.1,0.8,1.8,11.4,0.0,0.0,1.0,G
31,18,15,29.9,3.6,7.2,0.496,1.5,4.1,0.365,2.1,3.1,0.673,0.601,2.8,3.6,0.785,1.4,4.7,6.1,1.4,1.1,0.3,0.8,2.4,11.4,0.0,0.0,1.0,G
32,18,8,25.6,4.1,8.8,0.468,1.2,3.2,0.368,2.9,5.6,0.525,0.535,2.1,3.2,0.649,0.3,2.3,2.6,3.3,1.6,0.4,2.3,2.3,11.4,0.0,0.0,1.0,G
33,18,18,30.6,3.7,7.5,0.489,1.6,3.6,0.438,2.1,3.9,0.535,0.593,2.3,3.3,0.683,0.3,2.4,2.7,1.5,1.1,0.3,1.3,2.6,11.2,0.0,0.0,1.0,G
34,18,17,29.6,3.3,9.4,0.355,2.0,5.5,0.364,1.3,3.9,0.343,0.462,2.5,2.9,0.849,0.8,3.1,3.9,0.8,1.6,0.0,1.1,3.1,11.2,0.0,0.0,1.0,G
35,18,18,32.6,3.6,8.0,0.444,2.7,6.1,0.44,0.9,1.9,0.457,0.611,1.4,1.7,0.833,0.1,2.5,2.6,4.1,0.9,0.0,3.0,2.4,11.2,0.0,0.0,1.0,G
36,18,18,25.0,4.2,7.1,0.594,0.0,0.0,0.28782012195121953,4.2,7.1,0.594,0.594,2.7,3.9,0.676,2.3,2.7,5.0,0.6,0.4,1.2,1.1,2.6,11.1,0.0,1.0,0.0,F
37,17,2,16.9,4.3,6.8,0.635,0.0,0.0,0.28782012195121953,4.3,6.8,0.635,0.635,2.3,3.4,0.672,2.0,3.1,5.1,1.1,0.4,0.8,1.8,1.8,10.9,0.0,1.0,0.0,F
38,18,14,27.7,2.9,9.1,0.325,2.5,6.8,0.369,0.4,2.3,0.195,0.463,2.6,3.6,0.708,0.3,1.4,1.7,0.6,0.7,0.1,0.7,1.7,10.9,0.0,0.0,1.0,G
39,18,18,30.9,4.1,9.4,0.429,0.8,2.1,0.368,3.3,7.3,0.447,0.471,2.0,3.3,0.6,1.6,3.2,4.7,2.3,1.2,0.3,1.6,2.6,10.9,0.0,0.0,1.0,G
40,18,18,31.8,3.4,9.6,0.358,2.2,6.6,0.331,1.3,3.1,0.418,0.471,1.7,2.0,0.861,0.6,2.6,3.2,2.7,0.6,0.2,2.4,1.2,10.8,0.0,0.0,1.0,G
41,18,18,33.2,3.4,9.3,0.369,0.8,2.8,0.28,2.7,6.6,0.407,0.411,3.1,3.7,0.836,0.4,1.7,2.2,4.6,1.7,0.1,2.4,2.4,10.8,0.0,0.0,1.0,G
42,11,11,28.9,4.5,7.1,0.641,0.0,0.0,0.28782012195121953,4.5,7.1,0.641,0.641,1.7,3.1,0.559,1.8,4.5,6.3,1.7,0.8,1.4,1.5,2.5,10.8,0.0,1.0,0.0,F
43,18,18,32.8,4.1,9.2,0.44,1.2,3.3,0.367,2.8,5.9,0.481,0.506,1.2,1.9,0.647,0.7,2.1,2.7,4.1,1.7,0.2,2.6,1.8,10.6,0.0,0.0,1.0,G
44,17,12,24.9,3.3,7.8,0.421,2.0,5.5,0.362,1.3,2.3,0.564,0.549,1.9,2.5,0.786,0.4,2.5,2.9,1.0,0.6,0.1,0.6,2.5,10.5,0.0,0.0,1.0,G
45,8,8,29.5,3.4,9.3,0.365,1.0,4.3,0.235,2.4,5.0,0.475,0.419,2.6,3.6,0.724,0.3,1.5,1.8,1.1,0.6,0.1,2.3,2.9,10.4,0.0,0.0,1.0,G
46,18,18,28.8,3.6,8.7,0.417,1.3,4.2,0.307,2.3,4.5,0.519,0.49,1.7,2.2,0.769,1.9,4.1,5.9,2.1,1.2,0.0,1.6,1.6,10.2,0.0,0.0,1.0,G
47,17,17,31.0,3.5,9.9,0.351,0.8,2.7,0.304,2.6,7.2,0.369,0.393,2.5,3.5,0.712,1.1,2.5,3.6,3.9,2.2,0.1,2.4,2.3,10.2,0.0,0.0,1.0,G
48,18,13,28.1,3.3,8.2,0.405,2.4,5.7,0.417,0.9,2.5,0.378,0.551,1.2,1.3,0.913,0.2,2.4,2.6,2.1,1.2,0.1,1.6,2.6,10.2,0.0,0.0,1.0,G
49,18,18,30.4,3.8,7.5,0.511,0.8,2.5,0.333,3.0,5.0,0.6,0.567,1.4,2.1,0.703,1.7,3.4,5.1,1.6,1.3,0.2,1.4,2.4,9.9,0.0,0.0,1.0,G
50,18,11,25.9,3.0,7.8,0.386,1.2,3.4,0.355,1.8,4.3,0.41,0.464,2.6,3.1,0.836,0.7,2.4,3.1,2.1,0.6,0.2,1.8,1.6,9.8,0.0,1.0,0.0,F
51,18,18,35.9,3.7,8.2,0.446,0.6,1.9,0.286,3.1,6.3,0.496,0.48,1.5,1.8,0.818,0.3,1.3,1.6,6.0,1.7,0.3,2.0,1.3,9.4,0.0,0.0,1.0,G
52,18,18,27.8,3.6,9.9,0.36,0.6,3.1,0.2,2.9,6.8,0.431,0.39,1.6,1.9,0.829,0.5,1.7,2.2,3.4,1.8,0.1,2.1,2.1,9.3,0.0,0.0,1.0,G
53,18,18,32.9,3.7,9.6,0.384,1.1,3.6,0.308,2.6,5.9,0.43,0.442,0.7,0.9,0.765,0.3,3.0,3.3,4.7,0.8,0.2,2.1,1.8,9.2,0.0,0.0,1.0,G
54,18,17,28.7,3.9,7.1,0.555,0.0,0.1,0.0,3.9,7.0,0.563,0.555,1.3,1.9,0.686,1.4,5.2,6.6,1.3,1.1,0.6,1.5,1.6,9.2,0.0,1.0,0.0,F
55,18,18,31.9,3.1,7.7,0.396,1.6,4.7,0.333,1.5,3.1,0.491,0.496,1.4,2.2,0.641,1.2,3.2,4.4,5.5,0.9,0.1,1.9,3.1,9.1,0.0,0.0,1.0,G
56,18,18,31.4,3.3,8.9,0.369,1.2,4.1,0.284,2.1,4.8,0.442,0.434,1.3,1.8,0.719,0.4,2.4,2.8,1.4,0.6,0.2,1.0,1.6,9.0,0.0,1.0,0.0,F
57,18,18,28.3,3.1,6.6,0.471,2.1,4.8,0.437,1.0,1.8,0.563,0.63,0.6,0.9,0.688,0.5,1.9,2.4,0.3,0.6,0.2,0.6,1.5,8.9,0.0,0.0,1.0,G
58,18,18,25.7,3.1,5.3,0.589,0.0,0.0,0.28782012195121953,3.1,5.3,0.589,0.589,2.6,3.8,0.676,1.2,3.8,5.1,1.5,1.0,1.0,1.9,2.7,8.8,1.0,0.0,0.0,C
59,18,4,19.9,3.4,6.5,0.53,0.4,1.1,0.368,3.1,5.4,0.561,0.56,1.5,2.4,0.614,1.4,2.2,3.6,0.9,0.6,0.1,0.9,2.3,8.8,0.0,1.0,0.0,F
60,18,1,20.7,3.4,6.8,0.5,1.0,2.7,0.367,2.4,4.1,0.589,0.574,0.9,1.4,0.68,1.2,2.6,3.8,0.7,0.7,0.2,0.2,2.2,8.7,0.0,0.0,1.0,G
61,16,0,18.3,3.4,6.5,0.519,0.7,1.8,0.393,2.7,4.8,0.566,0.572,1.1,1.5,0.75,0.7,1.8,2.5,0.9,0.5,0.5,0.4,1.6,8.6,0.0,1.0,0.0,F
62,17,17,25.0,2.6,6.4,0.407,1.5,4.5,0.325,1.1,1.8,0.613,0.523,1.6,1.9,0.818,1.1,3.6,4.8,0.5,0.5,0.7,0.9,2.0,8.2,0.0,1.0,0.0,F
63,18,14,23.3,2.9,8.2,0.358,0.4,1.9,0.206,2.6,6.3,0.404,0.382,1.9,3.4,0.548,0.9,2.6,3.6,0.9,0.9,0.4,1.2,2.4,8.2,0.0,0.0,1.0,G
64,18,18,23.4,3.2,7.2,0.438,0.7,2.1,0.316,2.5,5.1,0.489,0.485,1.1,1.4,0.769,1.8,3.0,4.8,0.5,0.9,0.2,1.4,2.7,8.1,0.0,1.0,0.0,F
65,18,8,25.1,3.4,5.3,0.646,0.1,0.2,0.25,3.4,5.1,0.663,0.651,0.9,1.8,0.515,1.3,4.4,5.8,1.1,0.6,1.0,1.5,2.3,7.9,0.0,1.0,0.0,F
66,15,13,23.5,2.7,6.9,0.398,0.4,1.3,0.3,2.3,5.5,0.422,0.427,1.9,3.0,0.644,1.0,4.0,5.0,0.5,0.5,0.5,1.2,2.2,7.8,0.0,1.0,0.0,F
67,16,16,30.0,2.6,6.8,0.389,0.3,1.3,0.19,2.4,5.4,0.437,0.407,2.2,3.4,0.636,1.1,2.4,3.5,2.9,2.1,0.7,1.9,2.9,7.7,0.0,0.0,1.0,G
68,18,8,27.3,3.1,5.3,0.583,0.2,0.4,0.375,2.9,4.9,0.602,0.599,1.3,2.7,0.49,2.4,3.6,5.9,0.9,0.9,0.8,0.8,2.7,7.7,0.0,1.0,0.0,F
69,18,15,24.2,2.6,7.0,0.365,0.8,2.4,0.326,1.8,4.6,0.386,0.421,1.7,2.3,0.756,0.2,2.6,2.7,3.4,1.2,0.4,2.4,2.7,7.6,0.0,0.0,1.0,G
70,18,6,20.8,2.5,4.8,0.517,0.2,0.9,0.176,2.3,3.9,0.6,0.534,2.3,3.2,0.707,1.8,1.7,3.5,0.8,0.6,0.3,0.4,2.2,7.4,0.0,0.0,1.0,G
71,18,0,17.4,3.1,7.2,0.423,0.6,1.7,0.323,2.5,5.5,0.455,0.462,0.6,0.9,0.688,0.7,0.8,1.4,1.9,0.4,0.1,1.3,1.1,7.3,0.0,0.0,1.0,G
72,18,14,26.6,2.7,6.3,0.421,0.2,1.3,0.13,2.5,5.1,0.495,0.434,1.8,2.4,0.727,1.9,3.1,4.9,1.7,0.8,0.3,1.5,1.7,7.3,0.0,0.0,1.0,G
73,11,0,16.5,2.5,4.9,0.5,0.5,1.4,0.333,2.0,3.5,0.564,0.546,1.7,2.6,0.655,0.4,1.9,2.3,1.3,0.1,0.2,1.0,2.6,7.1,0.0,1.0,0.0,F
74,18,18,21.7,2.9,5.5,0.535,0.0,0.0,0.28782012195121953,2.9,5.5,0.535,0.535,1.1,2.5,0.444,2.4,1.6,4.0,1.1,1.2,0.7,1.0,2.6,7.0,0.0,1.0,0.0,F
75,15,7,22.4,2.4,5.1,0.474,0.5,2.3,0.229,1.9,2.7,0.683,0.526,1.6,2.0,0.8,0.3,1.7,2.0,1.3,0.7,0.0,1.1,1.9,6.9,0.0,0.0,1.0,G
76,16,16,21.1,2.4,6.1,0.402,1.2,3.8,0.311,1.3,2.3,0.556,0.5,0.7,1.0,0.688,0.8,3.1,3.8,4.1,0.4,0.9,1.7,1.8,6.8,0.0,1.0,0.0,F
77,17,15,24.1,2.4,3.8,0.641,0.1,0.1,0.5,2.4,3.6,0.645,0.648,1.6,2.9,0.571,2.2,4.9,7.1,0.4,0.8,1.5,1.2,2.6,6.5,1.0,0.0,0.0,C
78,18,2,18.6,2.3,6.4,0.362,0.5,1.5,0.333,1.8,4.9,0.371,0.401,1.2,1.6,0.786,0.3,2.5,2.8,1.6,0.4,0.0,1.4,2.1,6.4,0.0,0.0,1.0,G
79,14,11,20.2,2.4,5.6,0.43,0.3,1.5,0.19,2.1,4.1,0.517,0.456,1.1,2.0,0.536,1.7,2.6,4.4,1.1,0.6,0.7,1.3,1.7,6.2,0.0,1.0,0.0,F
80,17,16,19.5,2.3,4.4,0.52,0.0,0.0,0.28782012195121953,2.3,4.4,0.52,0.52,1.5,2.4,0.634,2.0,3.2,5.2,0.5,0.5,1.5,1.4,2.7,6.1,0.0,1.0,0.0,F
81,18,18,20.7,2.6,3.7,0.687,0.0,0.0,0.28782012195121953,2.6,3.7,0.687,0.687,0.7,1.4,0.52,2.2,2.8,5.0,0.2,0.9,1.4,0.5,2.8,5.8,0.0,1.0,0.0,F
82,18,1,24.0,1.6,4.1,0.378,1.4,3.2,0.431,0.2,0.9,0.188,0.547,1.3,1.7,0.774,0.1,1.8,1.9,0.3,0.3,0.1,0.4,1.8,5.8,0.0,0.0,1.0,G
83,18,18,19.1,2.2,4.1,0.534,0.0,0.0,0.28782012195121953,2.2,4.1,0.534,0.534,1.5,2.3,0.643,2.7,2.1,4.8,0.6,0.3,0.3,1.4,2.8,5.8,0.0,1.0,0.0,F
84,18,0,16.5,2.3,4.1,0.575,0.0,0.0,0.28782012195121953,2.3,4.1,0.575,0.575,0.8,1.5,0.556,1.6,2.3,3.8,0.9,1.2,1.1,0.7,2.5,5.5,0.0,1.0,0.0,F
85,18,1,15.0,1.8,5.4,0.33,0.7,3.0,0.222,1.1,2.4,0.465,0.392,1.2,1.7,0.71,1.6,2.0,3.6,0.5,0.4,0.1,0.9,1.1,5.4,0.0,1.0,0.0,F
86,18,5,15.5,1.7,3.9,0.423,0.8,2.6,0.304,0.9,1.4,0.64,0.521,1.2,1.4,0.846,0.0,1.9,1.9,0.6,0.6,0.1,0.7,1.1,5.3,0.0,0.0,1.0,G
87,18,0,15.7,1.5,4.3,0.351,0.8,2.1,0.368,0.7,2.2,0.333,0.442,1.4,1.8,0.758,0.4,1.6,2.1,0.4,0.7,0.2,0.9,1.2,5.2,0.0,0.0,1.0,G
88,18,6,16.8,1.8,3.6,0.492,0.0,0.1,0.0,1.8,3.6,0.5,0.492,1.6,2.7,0.583,1.9,1.3,3.2,0.3,0.4,0.3,0.7,1.8,5.1,0.0,1.0,0.0,F
89,18,0,15.3,2.0,2.9,0.692,0.0,0.1,0.0,2.0,2.8,0.706,0.692,0.9,1.3,0.667,1.4,1.6,3.0,0.3,0.4,0.1,1.1,2.1,4.9,0.0,1.0,0.0,F
90,18,15,24.1,1.8,3.9,0.457,0.4,1.2,0.381,1.3,2.7,0.49,0.514,0.7,0.9,0.706,0.1,1.3,1.4,1.8,0.4,0.1,1.7,0.8,4.7,0.0,0.0,1.0,G
91,13,13,18.2,1.2,2.0,0.615,0.0,0.0,0.28782012195121953,1.2,2.0,0.615,0.615,1.7,2.7,0.629,2.2,3.1,5.3,0.2,1.1,0.5,0.7,1.9,4.2,1.0,0.0,0.0,C
92,16,10,16.8,1.3,3.5,0.375,0.7,1.8,0.379,0.6,1.7,0.37,0.473,0.7,0.8,0.846,0.1,0.9,1.1,1.1,0.3,0.1,1.3,1.8,4.0,0.0,0.0,1.0,G
93,18,9,19.4,1.3,3.8,0.338,0.7,2.2,0.308,0.6,1.6,0.379,0.426,0.7,0.8,0.8,0.3,1.9,2.2,0.8,0.3,0.1,0.4,1.3,3.9,0.0,0.0,1.0,G
94,18,2,16.0,1.7,3.0,0.556,0.1,0.5,0.111,1.6,2.5,0.644,0.565,0.3,0.7,0.417,1.2,2.5,3.7,0.4,0.3,1.5,1.3,2.6,3.7,0.0,1.0,0.0,F
95,18,0,16.3,1.2,3.3,0.35,1.0,2.9,0.34,0.2,0.4,0.429,0.5,0.3,0.4,0.857,0.1,1.2,1.3,0.3,0.5,0.1,0.3,1.1,3.7,0.0,0.0,1.0,G
96,15,0,15.7,1.5,2.9,0.512,0.0,0.1,0.0,1.5,2.8,0.524,0.512,0.7,1.4,0.476,1.7,2.5,4.1,0.2,0.7,0.7,0.5,3.0,3.6,0.0,1.0,0.0,F
97,18,4,19.3,1.1,2.7,0.408,0.7,1.9,0.353,0.4,0.8,0.533,0.531,0.7,0.8,0.867,1.2,1.7,2.9,1.8,0.6,0.1,0.3,2.6,3.6,0.0,1.0,0.0,F
98,18,18,38.7,5.2,13.9,0.375,2.8,7.8,0.362,2.4,6.1,0.391,0.476,6.2,6.8,0.911,0.4,3.2,3.6,7.2,2.8,0.1,4.1,2.7,19.5,0.0,0.0,1.0,G
99,18,18,36.0,6.1,15.1,0.406,1.9,5.8,0.327,4.2,9.3,0.455,0.469,4.6,5.8,0.79,1.4,6.5,7.9,2.2,0.7,0.7,2.5,2.5,18.7,0.0,1.0,0.0,F
100,18,18,35.6,6.8,13.6,0.5,1.4,3.4,0.41,5.4,10.2,0.53,0.551,3.2,4.4,0.713,1.3,5.6,6.9,2.1,0.9,0.2,3.2,2.6,18.1,0.0,1.0,0.0,F
101,13,13,34.1,6.0,12.2,0.491,1.2,3.6,0.34,4.8,8.6,0.554,0.541,4.6,5.8,0.789,0.2,2.4,2.6,2.3,1.2,0.2,3.2,2.5,17.8,0.0,0.0,1.0,G
102,18,18,34.9,5.3,12.9,0.408,2.4,6.5,0.368,2.9,6.4,0.448,0.5,2.9,3.7,0.803,0.4,1.7,2.2,4.7,0.9,0.1,1.7,2.3,15.9,0.0,0.0,1.0,G
103,17,17,28.8,4.8,12.3,0.388,2.3,6.6,0.348,2.5,5.7,0.433,0.481,3.9,5.2,0.761,1.0,3.2,4.2,2.1,0.9,0.1,2.8,2.2,15.8,0.0,0.0,1.0,G
104,18,18,35.7,5.4,12.9,0.418,2.0,6.2,0.321,3.4,6.7,0.508,0.496,2.7,3.4,0.787,0.3,3.0,3.3,4.2,1.5,0.1,1.7,2.0,15.4,0.0,0.0,1.0,G
105,18,18,26.7,5.3,13.7,0.389,2.2,6.6,0.331,3.2,7.2,0.442,0.468,2.6,3.1,0.836,0.6,3.0,3.6,2.3,1.0,0.1,2.6,3.2,15.4,0.0,0.0,1.0,G
106,18,18,36.2,5.0,12.0,0.417,2.4,6.3,0.386,2.6,5.7,0.451,0.519,2.2,3.1,0.709,0.7,2.1,2.8,1.4,1.2,0.3,1.6,2.9,14.6,0.0,0.0,1.0,G
107,18,18,31.6,5.4,12.7,0.43,0.8,2.7,0.292,4.7,10.0,0.467,0.461,2.8,4.4,0.638,0.2,2.9,3.1,2.9,1.5,0.1,2.0,1.4,14.5,0.0,0.0,1.0,G
108,17,17,33.4,4.6,10.5,0.444,2.6,5.7,0.454,2.1,4.8,0.432,0.567,2.3,2.6,0.886,0.4,1.8,2.1,2.2,0.4,0.0,1.3,1.2,14.2,0.0,0.0,1.0,G
109,18,0,23.7,4.1,8.9,0.463,1.9,4.7,0.405,2.2,4.2,0.526,0.569,4.1,4.6,0.902,0.8,2.9,3.7,1.6,0.9,0.2,1.4,2.5,14.2,0.0,0.0,1.0,G
110,18,18,34.4,4.7,13.1,0.362,2.3,7.4,0.313,2.4,5.6,0.426,0.451,2.3,2.8,0.824,0.2,2.1,2.3,2.8,0.6,0.0,2.6,1.9,14.1,0.0,0.0,1.0,G
111,18,18,33.3,4.4,10.7,0.417,2.1,5.8,0.362,2.3,4.8,0.483,0.516,2.6,2.9,0.868,0.9,4.0,4.9,1.6,1.4,0.3,1.4,2.6,13.6,0.0,0.0,1.0,G
112,18,18,35.8,4.7,10.5,0.444,0.8,2.8,0.294,3.8,7.7,0.5,0.484,3.1,4.1,0.757,0.7,3.6,4.3,6.5,1.9,0.3,2.9,1.6,13.3,0.0,0.0,1.0,G
113,18,18,32.3,4.1,9.0,0.451,1.0,3.8,0.265,3.1,5.2,0.585,0.506,3.4,4.5,0.765,2.2,4.4,6.6,0.6,0.5,0.5,2.3,2.8,12.6,0.0,1.0,0.0,F
114,18,18,33.0,4.6,11.8,0.385,1.2,3.8,0.304,3.4,8.0,0.424,0.434,2.2,2.9,0.75,0.7,3.1,3.8,3.4,0.8,0.1,2.0,2.1,12.4,0.0,0.0,1.0,G
115,18,18,29.9,4.6,11.1,0.415,1.8,4.7,0.393,2.8,6.4,0.431,0.498,1.4,2.3,0.61,0.2,2.7,2.9,2.3,0.7,0.0,2.4,2.6,12.4,0.0,0.0,1.0,G
116,18,17,22.0,5.0,8.1,0.621,0.0,0.1,0.0,5.0,7.9,0.629,0.621,2.4,3.3,0.717,2.2,2.9,5.1,0.9,0.7,1.3,1.7,2.4,12.4,0.0,1.0,0.0,F
117,12,11,30.2,4.0,11.3,0.353,2.8,7.7,0.359,1.3,3.7,0.341,0.474,1.7,1.8,0.952,0.1,1.8,1.8,2.3,0.8,0.0,2.2,1.9,12.4,0.0,0.0,1.0,G
118,17,17,31.8,3.3,8.3,0.397,0.8,2.8,0.292,2.5,5.5,0.452,0.447,4.9,5.8,0.847,0.5,1.6,2.1,3.1,1.7,0.1,2.8,2.8,12.3,0.0,0.0,1.0,G
119,18,18,31.1,5.1,9.9,0.511,0.6,1.6,0.357,4.5,8.3,0.54,0.539,1.5,2.3,0.643,1.9,4.8,6.7,1.7,1.0,0.8,1.7,2.3,12.2,0.0,1.0,0.0,F
120,10,8,27.8,4.5,10.2,0.441,0.5,1.8,0.278,4.0,8.4,0.476,0.466,2.3,3.1,0.742,3.2,5.1,8.3,1.7,0.5,0.3,2.4,2.6,11.8,0.0,1.0,0.0,F
121,18,18,32.6,4.6,9.6,0.474,1.5,4.0,0.375,3.1,5.6,0.545,0.552,1.1,1.3,0.792,1.7,5.3,7.1,1.4,1.4,0.3,1.8,2.1,11.7,0.0,0.0,1.0,G
122,18,18,28.3,4.4,7.6,0.588,0.0,0.1,0.0,4.4,7.4,0.597,0.588,2.6,3.9,0.657,2.2,2.3,4.6,1.6,0.4,0.8,1.6,2.8,11.4,0.0,1.0,0.0,F
123,18,18,30.6,3.9,8.3,0.473,0.1,0.5,0.111,3.9,7.8,0.496,0.477,3.3,4.3,0.769,0.9,4.5,5.4,2.9,1.2,0.3,1.8,2.1,11.3,0.0,1.0,0.0,F
124,18,18,32.2,3.8,8.7,0.436,1.2,2.9,0.404,2.6,5.8,0.452,0.503,2.3,3.0,0.759,1.7,4.3,6.0,1.7,0.7,0.9,2.2,3.1,11.0,1.0,0.0,0.0,C
125,18,18,31.8,3.3,7.9,0.415,0.7,2.7,0.245,2.6,5.2,0.505,0.458,3.3,4.3,0.769,0.9,5.7,6.6,2.7,1.7,0.7,1.9,3.4,10.6,0.0,0.0,1.0,G
126,18,18,30.4,3.6,9.9,0.358,2.2,6.3,0.345,1.4,3.7,0.379,0.466,1.3,1.9,0.676,0.4,2.0,2.4,1.9,0.8,0.2,1.8,2.1,10.6,0.0,0.0,1.0,G
127,18,18,30.4,3.8,7.9,0.479,1.1,3.4,0.323,2.7,4.4,0.6,0.549,1.8,2.4,0.767,2.7,3.9,6.6,1.0,0.9,1.1,1.3,2.3,10.5,0.0,1.0,0.0,F
128,18,18,33.8,3.7,7.2,0.508,0.6,2.0,0.306,3.1,5.2,0.585,0.55,2.4,2.9,0.811,1.3,4.8,6.1,1.7,0.9,0.7,1.4,2.0,10.3,0.0,1.0,0.0,F
129,18,9,28.4,3.0,7.0,0.429,1.9,5.2,0.362,1.1,1.8,0.625,0.563,2.4,2.9,0.827,0.4,3.3,3.7,1.8,0.9,0.3,1.7,2.3,10.3,0.0,0.0,1.0,G
130,18,18,29.1,3.9,8.2,0.483,0.6,2.6,0.234,3.3,5.6,0.6,0.52,1.8,2.4,0.75,1.6,2.6,4.1,1.1,0.6,0.7,1.1,1.2,10.3,0.0,1.0,0.0,F
131,18,18,30.0,3.3,9.1,0.36,1.6,4.4,0.35,1.7,4.7,0.369,0.445,2.1,2.6,0.809,0.4,1.8,2.2,2.1,1.1,0.2,1.8,1.3,10.2,0.0,0.0,1.0,G
132,18,18,32.1,3.7,8.2,0.446,1.2,3.2,0.386,2.4,5.1,0.484,0.52,0.9,1.3,0.739,0.2,2.9,3.2,2.8,0.8,0.1,2.7,2.6,9.5,0.0,0.0,1.0,G
133,18,18,36.0,3.8,8.4,0.45,1.2,2.6,0.468,2.6,5.8,0.442,0.523,0.5,1.0,0.5,0.7,1.9,2.6,5.9,2.0,0.3,1.7,1.4,9.3,0.0,0.0,1.0,G
134,18,18,24.9,3.3,6.8,0.488,0.7,2.3,0.293,2.7,4.6,0.585,0.537,1.9,2.4,0.795,1.3,5.5,6.8,1.0,0.9,0.9,1.4,3.2,9.3,0.0,1.0,0.0,F
135,15,12,30.5,2.5,6.8,0.373,2.3,5.9,0.386,0.3,0.9,0.286,0.539,1.8,2.5,0.73,0.4,3.3,3.7,1.5,1.1,0.0,1.6,2.3,9.1,0.0,0.0,1.0,G
136,18,18,26.6,3.6,7.1,0.504,0.4,1.6,0.25,3.2,5.5,0.576,0.531,1.6,2.2,0.744,2.4,3.3,5.7,1.5,1.1,0.7,1.5,3.4,9.1,0.0,1.0,0.0,F
137,9,9,26.4,3.3,9.0,0.37,0.2,2.4,0.091,3.1,6.6,0.475,0.383,2.1,3.4,0.613,0.1,2.7,2.8,3.7,0.4,0.3,2.6,2.2,9.0,0.0,0.0,1.0,G
138,18,17,20.7,3.6,5.9,0.607,0.1,0.4,0.125,3.6,5.5,0.646,0.612,1.6,2.5,0.622,1.8,3.1,4.8,0.9,0.3,1.5,1.1,2.8,8.8,0.0,1.0,0.0,F
139,18,0,16.1,3.3,6.4,0.517,0.6,1.6,0.345,2.8,4.8,0.575,0.56,1.6,2.1,0.737,0.9,2.2,3.1,1.0,0.6,0.6,0.7,1.7,8.8,0.0,1.0,0.0,F
140,18,1,20.7,2.3,6.5,0.359,0.9,3.0,0.315,1.4,3.5,0.397,0.432,3.2,4.2,0.76,0.5,2.2,2.7,2.2,0.6,0.0,1.4,2.6,8.8,0.0,0.0,1.0,G
141,17,4,31.1,2.7,6.1,0.447,0.5,2.2,0.243,2.2,3.9,0.561,0.49,2.7,3.6,0.754,0.5,3.4,3.9,2.2,1.0,0.4,1.3,2.4,8.6,0.0,0.0,1.0,G
142,18,18,18.8,3.4,6.1,0.569,0.3,0.8,0.4,3.1,5.2,0.596,0.596,1.3,1.8,0.75,1.3,2.7,4.0,0.9,0.5,1.5,1.2,3.4,8.6,0.0,1.0,0.0,F
143,18,18,30.6,3.3,6.6,0.496,0.1,0.8,0.133,3.2,5.8,0.548,0.504,1.7,2.3,0.756,1.5,2.6,4.1,4.6,2.3,0.1,2.8,2.3,8.4,0.0,0.0,1.0,G
144,9,5,23.0,2.3,5.6,0.42,1.3,4.1,0.324,1.0,1.4,0.692,0.54,1.3,1.9,0.706,0.3,2.1,2.4,0.6,1.0,0.2,0.6,2.6,7.3,0.0,1.0,0.0,F
145,15,8,17.1,2.4,5.5,0.434,0.1,0.3,0.25,2.3,5.3,0.443,0.44,1.9,2.7,0.707,1.1,1.7,2.7,0.2,1.4,0.3,1.5,2.5,6.8,0.0,0.0,1.0,G
146,18,18,25.7,2.2,6.2,0.357,1.0,2.8,0.353,1.2,3.4,0.361,0.438,0.9,1.3,0.708,0.5,2.6,3.1,1.5,0.7,0.3,2.0,1.8,6.4,0.0,0.0,1.0,G
147,9,0,20.8,2.2,4.3,0.513,0.7,1.3,0.5,1.6,3.0,0.519,0.59,1.2,1.4,0.846,1.4,3.8,5.2,0.6,0.4,0.4,1.1,2.2,6.3,0.0,1.0,0.0,F
148,18,4,17.5,2.5,5.2,0.479,0.6,2.0,0.306,1.9,3.2,0.586,0.537,0.7,1.1,0.632,0.3,2.0,2.3,1.9,1.3,0.2,1.1,0.6,6.3,0.0,0.0,1.0,G
149,16,1,18.3,2.1,4.7,0.44,0.8,2.1,0.394,1.3,2.6,0.476,0.527,1.0,1.8,0.571,0.9,1.2,2.1,0.9,0.3,0.1,0.6,1.6,5.9,0.0,0.0,1.0,G
150,18,0,15.9,1.9,4.9,0.382,1.3,3.3,0.407,0.6,1.7,0.333,0.517,0.8,0.9,0.938,0.7,1.1,1.7,0.6,0.2,0.2,0.4,2.2,5.9,0.0,1.0,0.0,F
151,18,0,17.2,2.3,4.4,0.519,0.0,0.2,0.0,2.3,4.2,0.539,0.519,1.4,2.2,0.625,1.2,2.2,3.4,0.8,1.0,0.4,1.3,2.7,5.9,0.0,1.0,0.0,F
152,14,4,18.5,2.4,6.0,0.405,0.6,1.9,0.333,1.8,4.1,0.439,0.458,0.4,1.1,0.4,1.4,1.9,3.4,0.8,0.9,0.6,1.2,2.1,5.9,0.0,0.0,1.0,G
153,18,18,20.8,1.6,2.9,0.538,0.0,0.0,0.28782012195121953,1.6,2.9,0.538,0.538,2.7,3.7,0.727,1.7,3.1,4.7,0.8,0.4,0.1,1.5,3.4,5.8,0.0,1.0,0.0,F
154,13,10,20.3,2.3,3.9,0.588,0.0,0.0,0.28782012195121953,2.3,3.9,0.588,0.588,1.1,1.7,0.636,1.8,2.9,4.7,1.1,0.5,0.5,1.8,1.6,5.7,1.0,0.0,0.0,C
155,18,1,16.4,2.1,4.3,0.474,0.2,0.7,0.308,1.8,3.6,0.508,0.5,0.9,1.2,0.773,1.3,2.8,4.1,0.1,0.9,0.2,0.8,2.7,5.3,0.0,1.0,0.0,F
156,18,9,16.4,1.9,5.2,0.376,1.1,3.0,0.352,0.9,2.2,0.41,0.478,0.3,0.6,0.6,0.3,1.8,2.1,0.4,0.3,0.0,0.8,1.1,5.3,0.0,0.0,1.0,G
157,11,6,16.6,2.0,2.7,0.733,0.1,0.1,1.0,1.9,2.6,0.724,0.75,1.0,2.1,0.478,1.1,1.7,2.8,0.5,0.5,0.4,1.0,1.7,5.1,0.0,1.0,0.0,F
158,14,3,19.5,2.1,4.1,0.526,0.0,0.0,0.28782012195121953,2.1,4.1,0.526,0.526,0.8,2.0,0.393,1.6,4.1,5.8,0.6,0.3,1.4,0.9,1.6,5.1,1.0,0.0,0.0,C
159,18,14,19.4,1.8,4.7,0.376,0.6,2.4,0.25,1.2,2.3,0.512,0.441,0.9,1.3,0.708,1.1,1.6,2.6,0.8,0.8,0.8,0.6,2.2,5.1,0.0,0.0,1.0,G
160,18,8,15.7,1.9,3.2,0.586,0.0,0.0,0.28782012195121953,1.9,3.2,0.586,0.586,1.3,1.9,0.676,0.9,1.6,2.5,0.4,0.3,0.6,0.6,2.4,5.1,0.0,1.0,0.0,F
161,18,12,20.1,1.7,4.6,0.366,0.7,2.5,0.289,0.9,2.1,0.459,0.445,0.8,1.3,0.652,1.1,2.8,3.9,0.7,0.5,0.3,0.7,2.3,4.9,0.0,1.0,0.0,F
162,18,0,18.7,1.6,3.4,0.468,0.7,1.7,0.419,0.9,1.7,0.516,0.573,0.6,0.6,1.0,1.6,1.3,2.9,1.6,0.8,0.2,0.8,2.2,4.6,0.0,1.0,0.0,F
163,18,1,16.5,1.9,4.4,0.43,0.0,0.0,0.28782012195121953,1.9,4.4,0.43,0.43,0.7,1.7,0.4,1.4,2.1,3.5,0.5,0.4,0.4,1.4,2.6,4.4,0.0,1.0,0.0,F
164,18,18,18.7,1.1,2.3,0.463,0.0,0.0,0.28782012195121953,1.1,2.3,0.463,0.463,1.6,2.9,0.558,2.3,2.3,4.6,0.4,0.4,0.4,1.4,2.3,3.7,0.0,1.0,0.0,F
165,11,6,22.2,1.5,2.7,0.533,0.0,0.1,0.0,1.5,2.6,0.552,0.533,0.4,1.0,0.364,1.5,2.0,3.5,1.3,0.2,1.5,1.8,2.0,3.3,0.0,1.0,0.0,F
166,18,3,16.4,1.1,2.9,0.358,0.3,1.1,0.25,0.8,1.8,0.424,0.406,0.7,0.9,0.813,0.2,1.6,1.8,1.5,0.8,0.1,1.4,1.2,3.1,0.0,0.0,1.0,G
167,16,1,17.4,1.0,2.5,0.4,0.3,0.9,0.357,0.7,1.6,0.423,0.463,0.5,0.9,0.571,0.1,1.4,1.5,2.1,0.4,0.2,1.5,1.3,2.8,0.0,0.0,1.0,G
168,18,18,17.0,1.3,2.3,0.548,0.0,0.0,0.28782012195121953,1.3,2.3,0.548,0.548,0.1,0.6,0.182,1.2,2.7,3.9,0.4,0.6,0.4,0.7,1.2,2.7,0.0,1.0,0.0,F
169,17,17,36.2,6.5,14.6,0.444,2.9,7.6,0.388,3.5,7.0,0.504,0.544,3.8,4.8,0.79,0.6,5.1,5.8,1.7,0.6,0.5,2.6,1.9,19.6,0.0,0.0,1.0,G
170,18,18,35.6,6.4,14.2,0.453,3.4,7.8,0.433,3.1,6.4,0.478,0.572,2.3,2.8,0.824,0.9,3.1,3.9,1.9,1.5,0.2,1.6,1.9,18.6,0.0,0.0,1.0,G
171,18,18,36.0,7.2,15.7,0.456,1.1,2.9,0.365,6.1,12.8,0.476,0.489,2.7,3.6,0.754,1.4,5.1,6.5,1.7,1.1,0.2,1.7,1.8,18.1,0.0,0.0,1.0,G
172,16,16,34.6,5.8,14.3,0.408,2.3,6.6,0.349,3.5,7.6,0.459,0.489,2.6,3.3,0.792,0.2,2.3,2.4,2.3,0.9,0.0,2.7,0.8,16.6,0.0,0.0,1.0,G
173,18,18,29.2,6.1,11.2,0.542,1.2,2.9,0.423,4.8,8.3,0.584,0.597,2.8,3.4,0.806,1.2,2.9,4.1,1.0,0.7,0.4,1.4,2.1,16.1,0.0,1.0,0.0,F
174,16,16,33.3,5.8,12.4,0.467,2.8,6.5,0.433,3.0,5.9,0.505,0.58,1.4,1.9,0.71,0.5,1.9,2.4,2.6,1.1,0.1,2.1,1.9,15.8,0.0,0.0,1.0,G
175,16,16,34.9,4.7,12.3,0.381,1.3,4.7,0.28,3.4,7.6,0.443,0.434,3.4,4.1,0.833,0.4,2.4,2.9,5.3,1.8,0.0,2.9,1.3,14.1,0.0,0.0,1.0,G
176,18,18,34.6,4.7,10.6,0.442,1.3,3.8,0.338,3.4,6.8,0.5,0.503,3.5,4.8,0.733,1.7,6.8,8.5,1.7,0.9,0.0,1.9,3.2,14.1,0.0,0.0,1.0,G
177,16,16,34.6,4.9,12.9,0.377,1.4,4.6,0.301,3.5,8.4,0.418,0.43,2.6,3.8,0.689,0.3,2.8,3.0,3.4,1.4,0.2,2.7,2.1,13.8,0.0,0.0,1.0,G
178,18,17,35.9,4.8,10.6,0.458,1.5,3.7,0.409,3.3,6.9,0.484,0.529,2.5,3.8,0.652,1.4,4.8,6.3,2.5,0.8,0.7,2.6,1.8,13.7,0.0,0.0,1.0,G
179,18,16,33.0,4.8,8.9,0.534,1.1,3.1,0.339,3.7,5.8,0.638,0.593,2.8,3.7,0.761,1.8,6.2,8.0,1.9,1.2,0.4,1.4,2.4,13.4,0.0,1.0,0.0,F
180,9,2,26.8,4.2,9.6,0.442,2.9,6.0,0.481,1.3,3.6,0.375,0.593,2.0,2.2,0.9,0.1,1.1,1.2,1.2,0.6,0.1,2.2,1.2,13.3,0.0,0.0,1.0,G
181,18,18,32.3,4.0,10.0,0.4,1.4,4.2,0.329,2.6,5.8,0.452,0.469,3.7,4.7,0.786,0.4,2.0,2.4,3.2,0.9,0.2,2.0,2.3,13.1,0.0,0.0,1.0,G
182,14,14,32.7,4.3,11.0,0.39,1.7,5.1,0.333,2.6,5.9,0.439,0.468,2.6,3.4,0.787,0.5,2.7,3.2,5.3,2.4,0.0,2.8,2.6,12.9,0.0,0.0,1.0,G
183,18,18,29.9,4.6,9.3,0.488,0.0,0.1,0.0,4.6,9.2,0.494,0.488,3.4,4.6,0.747,2.5,4.0,6.5,1.7,1.2,0.3,1.8,2.6,12.6,0.0,1.0,0.0,F
184,18,18,32.9,3.9,8.9,0.441,2.3,6.2,0.375,1.6,2.7,0.592,0.571,2.2,2.6,0.848,0.2,1.4,1.6,1.6,1.3,0.1,1.7,2.3,12.4,0.0,0.0,1.0,G
185,17,10,26.1,4.2,10.5,0.397,1.9,5.8,0.323,2.3,4.7,0.488,0.486,2.0,2.5,0.81,0.2,2.7,2.9,1.2,0.8,0.2,1.2,1.8,12.2,0.0,0.0,1.0,G
186,18,18,30.0,3.8,10.3,0.368,1.2,3.7,0.318,2.6,6.6,0.395,0.424,3.2,4.2,0.773,0.2,3.3,3.5,2.6,1.7,0.3,2.8,2.8,11.9,0.0,0.0,1.0,G
187,18,15,24.4,4.1,8.2,0.497,0.0,0.1,0.0,4.1,8.1,0.5,0.497,3.6,4.2,0.842,4.0,4.8,8.8,1.3,0.3,0.7,1.6,2.1,11.7,0.0,1.0,0.0,F
188,18,17,27.7,4.6,10.9,0.418,0.9,3.4,0.258,3.7,7.4,0.493,0.459,1.7,2.4,0.698,0.6,1.8,2.4,1.3,0.6,0.2,1.3,2.0,11.7,0.0,0.0,1.0,G
189,18,18,33.4,3.7,9.4,0.396,1.7,4.6,0.378,2.0,4.8,0.414,0.488,2.2,2.4,0.93,0.4,1.7,2.1,1.1,0.8,0.1,1.1,1.3,11.4,0.0,0.0,1.0,G
190,18,18,33.2,4.1,10.1,0.403,1.1,3.7,0.284,3.0,6.3,0.474,0.456,2.2,3.1,0.696,0.7,2.6,3.3,5.0,1.8,0.4,3.6,1.9,11.3,0.0,0.0,1.0,G
191,18,18,32.0,4.3,10.1,0.423,0.9,3.8,0.25,3.3,6.3,0.526,0.47,1.7,2.8,0.608,0.6,3.6,4.2,4.3,1.3,0.2,3.7,1.6,11.2,0.0,0.0,1.0,G
192,13,11,31.1,4.1,9.8,0.417,1.5,4.2,0.364,2.5,5.5,0.458,0.496,1.4,2.2,0.643,0.7,2.7,3.4,0.8,1.6,0.2,2.5,2.1,11.1,0.0,0.0,1.0,G
193,17,17,25.8,4.2,8.1,0.514,1.1,3.1,0.358,3.1,5.0,0.612,0.583,1.5,2.1,0.743,1.5,3.9,5.4,1.8,0.5,0.3,2.0,2.6,11.0,0.0,1.0,0.0,F
194,18,0,18.8,3.4,8.1,0.421,0.3,1.3,0.208,3.1,6.7,0.463,0.438,3.7,4.2,0.88,0.4,2.1,2.4,1.5,0.9,0.2,1.4,2.1,10.7,0.0,0.0,1.0,G
195,18,18,30.5,3.9,9.4,0.414,0.6,2.6,0.213,3.3,6.8,0.492,0.444,1.9,2.4,0.791,0.7,2.4,3.2,2.7,1.5,0.3,2.3,2.2,10.2,0.0,0.0,1.0,G
196,18,18,28.2,4.3,8.2,0.52,0.3,1.2,0.286,3.9,7.1,0.559,0.541,1.3,1.7,0.742,2.1,3.8,5.8,0.9,0.3,0.8,1.5,2.3,10.2,0.0,1.0,0.0,F
197,18,18,26.4,3.5,7.3,0.481,1.1,3.6,0.308,2.4,3.7,0.652,0.557,1.9,2.5,0.756,1.7,3.3,5.0,0.3,0.3,0.5,1.2,1.7,10.0,0.0,1.0,0.0,F
198,18,18,24.2,3.3,7.2,0.462,0.7,2.6,0.283,2.6,4.7,0.56,0.512,2.2,3.2,0.672,0.8,2.4,3.3,1.6,1.2,0.3,1.8,2.6,9.6,0.0,0.0,1.0,G
199,18,18,28.1,3.1,7.6,0.404,1.3,3.9,0.338,1.7,3.6,0.477,0.493,2.1,2.3,0.927,2.3,2.3,4.6,0.8,0.9,0.6,0.7,2.1,9.6,0.0,1.0,0.0,F
200,18,18,33.3,3.1,8.7,0.35,1.5,4.7,0.318,1.6,4.0,0.389,0.436,1.9,2.3,0.81,0.4,3.2,3.6,1.4,1.1,0.3,1.2,2.6,9.5,0.0,0.0,1.0,G
201,18,18,23.2,3.4,8.6,0.4,1.2,3.9,0.3,2.3,4.7,0.482,0.468,1.3,2.0,0.667,1.3,4.2,5.4,1.1,1.1,0.7,0.9,2.3,9.4,0.0,0.0,1.0,G
202,16,10,30.3,3.4,8.0,0.43,1.5,3.7,0.407,1.9,4.3,0.449,0.523,0.8,1.5,0.542,1.0,2.7,3.7,1.8,1.2,0.1,1.1,2.4,9.2,0.0,0.0,1.0,G
203,18,18,30.8,2.9,5.5,0.535,0.1,0.9,0.059,2.9,4.6,0.634,0.54,3.1,4.3,0.727,1.8,4.2,6.0,1.1,1.0,0.2,1.6,2.1,9.1,0.0,1.0,0.0,F
204,14,8,24.5,2.9,6.9,0.412,0.9,2.7,0.316,2.0,4.2,0.475,0.474,2.1,2.6,0.784,0.6,2.1,2.7,2.1,0.8,0.1,1.7,1.9,8.6,0.0,0.0,1.0,G
205,18,18,29.8,3.3,8.7,0.378,1.3,4.9,0.258,2.0,3.7,0.537,0.452,0.4,0.8,0.533,0.4,1.4,1.8,1.2,0.7,0.0,2.4,3.5,8.3,0.0,0.0,1.0,G
206,14,0,25.9,3.0,6.3,0.477,0.6,2.3,0.25,2.4,4.0,0.607,0.523,1.6,2.9,0.575,1.6,4.0,5.6,1.2,1.2,0.7,1.4,2.4,8.2,0.0,1.0,0.0,F
207,18,16,22.3,3.1,5.2,0.596,0.0,0.0,0.28782012195121953,3.1,5.2,0.596,0.596,1.9,3.4,0.565,2.9,4.1,6.9,0.2,0.4,1.9,1.3,2.3,8.2,1.0,0.0,0.0,C
208,18,18,25.0,2.6,7.5,0.348,1.1,4.2,0.253,1.6,3.3,0.467,0.419,1.9,2.9,0.673,1.1,2.9,4.1,0.7,0.7,0.6,1.2,1.9,8.2,0.0,0.0,1.0,G
209,18,18,29.3,3.2,6.3,0.504,0.4,1.4,0.32,2.7,4.9,0.557,0.54,1.3,2.0,0.667,1.7,4.2,5.8,2.2,0.9,0.4,1.9,2.4,8.1,0.0,0.0,1.0,G
210,18,15,28.0,2.9,7.3,0.394,0.7,2.8,0.24,2.2,4.6,0.488,0.439,1.7,2.1,0.811,0.9,4.1,5.0,2.6,1.1,0.3,2.0,1.4,8.1,0.0,0.0,1.0,G
211,12,0,20.8,3.5,4.9,0.712,0.2,0.4,0.4,3.3,4.5,0.741,0.729,0.8,1.0,0.833,1.9,3.7,5.6,0.3,0.9,0.5,1.3,2.6,8.0,0.0,1.0,0.0,F
212,12,9,29.3,2.4,7.7,0.315,0.6,2.5,0.233,1.8,5.2,0.355,0.353,2.3,2.9,0.8,0.8,3.3,4.2,2.8,1.3,0.4,1.9,2.4,7.8,0.0,0.0,1.0,G
213,18,18,30.3,3.1,7.2,0.426,0.1,0.2,0.333,3.0,7.0,0.429,0.43,0.7,1.3,0.542,1.7,3.9,5.6,3.2,1.1,0.3,1.7,1.6,6.9,0.0,0.0,1.0,G
214,17,17,23.4,2.9,4.8,0.605,0.0,0.0,0.28782012195121953,2.9,4.8,0.605,0.605,1.2,1.9,0.606,2.6,3.7,6.4,1.1,0.8,0.5,0.9,2.2,6.9,1.0,0.0,0.0,C
215,18,18,22.2,2.2,4.7,0.471,0.0,0.0,0.28782012195121953,2.2,4.7,0.471,0.471,2.3,3.7,0.612,3.3,3.1,6.4,0.3,0.4,0.9,1.0,2.9,6.7,0.0,1.0,0.0,F
216,11,6,16.1,2.3,5.6,0.403,0.5,2.0,0.227,1.8,3.6,0.5,0.444,1.7,2.0,0.864,0.7,2.0,2.7,0.9,0.3,0.4,1.5,1.7,6.7,1.0,0.0,0.0,C
217,18,16,23.9,2.6,4.5,0.568,0.0,0.1,0.0,2.6,4.4,0.582,0.568,1.5,2.3,0.659,3.1,3.7,6.8,1.0,0.6,1.3,1.4,2.3,6.6,0.0,1.0,0.0,F
218,15,10,24.7,2.3,6.9,0.337,0.1,1.2,0.056,2.3,5.7,0.395,0.341,1.5,2.3,0.676,0.9,2.7,3.5,1.3,0.7,0.1,1.6,2.0,6.3,0.0,0.0,1.0,G
219,18,6,22.4,2.1,5.9,0.346,1.0,3.4,0.295,1.1,2.6,0.413,0.43,1.1,1.3,0.826,0.6,1.3,1.8,0.2,0.7,0.3,0.7,2.0,6.2,0.0,1.0,0.0,F
220,15,1,19.5,2.2,6.4,0.344,1.5,5.1,0.299,0.7,1.3,0.526,0.464,0.2,0.2,1.0,0.8,2.2,3.0,0.3,0.6,0.7,1.1,1.6,6.1,0.0,0.0,1.0,G
221,18,0,20.8,2.4,4.8,0.5,0.1,0.7,0.154,2.3,4.1,0.562,0.512,1.2,2.1,0.595,1.3,2.3,3.6,1.3,0.8,0.5,1.9,2.7,6.1,0.0,0.0,1.0,G
222,15,6,22.0,2.1,6.6,0.323,1.0,3.5,0.283,1.1,3.1,0.37,0.399,0.7,0.9,0.846,0.2,2.1,2.3,3.1,0.6,0.3,2.7,2.1,6.0,0.0,0.0,1.0,G
223,18,17,32.6,2.4,6.4,0.383,0.5,1.6,0.31,1.9,4.8,0.407,0.422,0.6,0.7,0.833,0.6,1.1,1.7,4.7,1.6,0.5,1.4,2.1,5.9,0.0,0.0,1.0,G
224,18,0,24.7,2.1,5.4,0.381,1.4,4.5,0.321,0.6,0.9,0.688,0.515,0.3,0.4,0.625,0.3,2.5,2.8,1.3,0.9,0.3,0.7,1.8,5.8,0.0,0.0,1.0,G
225,16,1,19.6,1.4,4.1,0.348,0.1,0.1,1.0,1.4,4.1,0.338,0.356,2.4,3.9,0.629,1.9,4.3,6.2,1.6,1.1,0.7,1.6,3.3,5.4,0.0,1.0,0.0,F
226,18,7,21.9,1.4,4.3,0.333,0.9,3.1,0.309,0.5,1.3,0.391,0.442,1.3,1.9,0.686,0.8,2.6,3.4,0.9,0.9,0.3,0.7,2.2,5.2,0.0,1.0,0.0,F
227,18,2,19.6,1.7,4.1,0.411,1.3,3.1,0.418,0.4,1.0,0.389,0.568,0.6,0.7,0.769,0.2,2.1,2.3,1.3,0.7,0.1,1.1,0.8,5.2,0.0,0.0,1.0,G
228,18,4,23.2,1.7,4.6,0.378,0.9,2.8,0.333,0.8,1.7,0.452,0.482,0.7,0.8,0.857,0.4,2.4,2.8,1.0,1.6,0.2,1.0,1.2,5.1,0.0,0.0,1.0,G
229,17,7,18.3,1.9,4.3,0.452,0.7,2.4,0.3,1.2,1.9,0.636,0.534,0.4,0.7,0.583,0.8,1.9,2.6,0.5,0.2,0.1,0.5,1.4,5.0,0.0,0.0,1.0,G
230,17,15,21.0,1.2,3.6,0.344,0.1,1.2,0.1,1.1,2.4,0.463,0.361,2.3,2.8,0.83,0.5,2.2,2.7,1.8,1.3,0.1,2.1,2.2,4.9,0.0,0.0,1.0,G
231,18,3,16.2,1.4,3.2,0.448,0.1,1.0,0.056,1.4,2.2,0.625,0.457,1.7,2.3,0.714,0.2,1.3,1.4,0.9,1.1,0.1,1.2,1.8,4.6,0.0,0.0,1.0,G
232,18,14,18.9,1.7,2.4,0.682,0.0,0.0,0.28782012195121953,1.7,2.4,0.682,0.682,1.1,1.6,0.679,0.8,2.1,2.8,2.4,0.5,1.0,1.6,2.8,4.4,0.0,1.0,0.0,F
233,18,15,17.6,1.6,5.3,0.292,0.5,1.5,0.333,1.1,3.8,0.275,0.339,0.6,1.0,0.556,1.3,1.9,3.3,0.6,0.3,0.7,1.2,1.8,4.2,0.0,1.0,0.0,F
234,16,2,19.0,1.0,3.1,0.32,0.1,1.5,0.083,0.9,1.6,0.538,0.34,0.8,1.1,0.765,0.5,0.8,1.3,1.6,0.7,0.0,1.2,1.4,2.9,0.0,0.0,1.0,G
235,17,12,15.9,0.9,2.1,0.444,0.0,0.0,0.28782012195121953,0.9,2.1,0.444,0.444,0.9,1.5,0.6,0.9,0.6,1.5,0.3,0.1,0.5,1.2,2.2,2.8,0.0,1.0,0.0,F
236,14,0,16.6,1.1,2.7,0.395,0.3,1.0,0.286,0.8,1.7,0.458,0.447,0.3,0.5,0.571,0.9,2.3,3.1,2.2,0.6,0.2,1.4,1.9,2.7,0.0,1.0,0.0,F
237,18,0,15.4,0.8,2.1,0.405,0.2,0.6,0.3,0.7,1.5,0.444,0.446,0.4,0.8,0.5,0.1,0.9,1.0,1.4,0.6,0.2,0.9,1.5,2.2,0.0,0.0,1.0,G
